domain,date,time(sec)
www.youtube.com,2/21/2021,212
www.youtube.com,2/22/2021,381
www.youtube.com,2/23/2021,339
www.youtube.com,2/24/2021,564
www.youtube.com,2/25/2021,1071
www.youtube.com,2/26/2021,7527
www.youtube.com,2/27/2021,5582
www.youtube.com,2/28/2021,3673
www.youtube.com,3/1/2021,7441
www.youtube.com,3/2/2021,5926
www.youtube.com,3/3/2021,7136
www.youtube.com,3/4/2021,13042
www.youtube.com,3/5/2021,3783
www.youtube.com,3/6/2021,6025
www.youtube.com,3/7/2021,1033
www.youtube.com,3/8/2021,1860
www.youtube.com,3/9/2021,4105
www.youtube.com,3/10/2021,11628
www.youtube.com,3/11/2021,1892
www.youtube.com,3/12/2021,12867
www.youtube.com,3/13/2021,7043
www.youtube.com,3/14/2021,3961
www.youtube.com,3/15/2021,3890
www.youtube.com,3/16/2021,2834
www.youtube.com,3/17/2021,4378
www.youtube.com,3/18/2021,2963
www.youtube.com,3/19/2021,2262
www.youtube.com,3/20/2021,3000
www.youtube.com,3/21/2021,5104
www.youtube.com,3/22/2021,8674
www.youtube.com,3/23/2021,8560
www.youtube.com,3/24/2021,4437
www.youtube.com,3/25/2021,3077
www.youtube.com,3/26/2021,2248
www.youtube.com,3/27/2021,5834
www.youtube.com,3/28/2021,2054
www.youtube.com,3/29/2021,2047
www.youtube.com,3/30/2021,4235
www.youtube.com,3/31/2021,5253
www.youtube.com,4/1/2021,2653
www.youtube.com,4/2/2021,4125
www.youtube.com,4/3/2021,4413
www.youtube.com,4/4/2021,3763
www.youtube.com,4/5/2021,20031
www.youtube.com,4/6/2021,4198
www.youtube.com,4/7/2021,2728
www.youtube.com,4/8/2021,3937
www.youtube.com,4/9/2021,1912
www.youtube.com,4/10/2021,9100
www.youtube.com,4/11/2021,1688
www.youtube.com,4/12/2021,5279
www.youtube.com,4/13/2021,1907
www.youtube.com,4/14/2021,83
www.youtube.com,4/15/2021,151
www.youtube.com,4/16/2021,5146
www.youtube.com,4/17/2021,1074
www.youtube.com,4/19/2021,1991
www.youtube.com,4/21/2021,385
www.youtube.com,4/22/2021,4671
www.youtube.com,4/23/2021,3116
www.youtube.com,4/24/2021,1956
www.youtube.com,4/25/2021,2738
www.youtube.com,4/26/2021,3230
www.youtube.com,4/27/2021,2275
www.youtube.com,4/28/2021,4721
www.youtube.com,4/29/2021,3832
www.youtube.com,4/30/2021,5453
www.youtube.com,5/1/2021,4785
www.youtube.com,5/2/2021,2949
www.youtube.com,5/3/2021,1981
www.youtube.com,5/4/2021,3068
www.youtube.com,5/5/2021,3882
www.youtube.com,5/6/2021,7881
www.youtube.com,5/7/2021,1944
www.hotstar.com,3/18/2021,1338
www.hotstar.com,3/19/2021,2076
www.hotstar.com,3/20/2021,8963
www.hotstar.com,3/21/2021,3267
www.hotstar.com,3/22/2021,225
www.hotstar.com,3/23/2021,327
www.hotstar.com,3/24/2021,4075
drive.google.com,2/21/2021,238
drive.google.com,2/27/2021,111
drive.google.com,3/6/2021,7126
drive.google.com,3/13/2021,995
drive.google.com,3/14/2021,4
drive.google.com,4/3/2021,45
drive.google.com,5/1/2021,380
127.0.0.1,2/21/2021,1395
127.0.0.1,2/22/2021,239
127.0.0.1,3/7/2021,2785
127.0.0.1,3/13/2021,1328
127.0.0.1,3/14/2021,1422
127.0.0.1,4/22/2021,6085
127.0.0.1,5/1/2021,3715
127.0.0.1,5/2/2021,3476
127.0.0.1,5/3/2021,4864
127.0.0.1,5/4/2021,1356
127.0.0.1,5/5/2021,4984
127.0.0.1,5/6/2021,1546
in.search.yahoo.com,2/21/2021,82
in.search.yahoo.com,2/22/2021,41
in.search.yahoo.com,2/24/2021,173
in.search.yahoo.com,2/25/2021,122
in.search.yahoo.com,2/26/2021,140
in.search.yahoo.com,2/27/2021,86
in.search.yahoo.com,3/3/2021,79
in.search.yahoo.com,3/4/2021,216
in.search.yahoo.com,3/5/2021,157
in.search.yahoo.com,3/6/2021,30
in.search.yahoo.com,3/11/2021,79
in.search.yahoo.com,3/12/2021,56
in.search.yahoo.com,3/14/2021,17
in.search.yahoo.com,3/15/2021,63
in.search.yahoo.com,3/18/2021,359
in.search.yahoo.com,3/19/2021,72
in.search.yahoo.com,3/20/2021,9
in.search.yahoo.com,3/21/2021,8
in.search.yahoo.com,3/22/2021,34
in.search.yahoo.com,3/23/2021,6
in.search.yahoo.com,3/24/2021,17
in.search.yahoo.com,3/25/2021,2055
in.search.yahoo.com,3/26/2021,26
in.search.yahoo.com,4/1/2021,170
in.search.yahoo.com,4/3/2021,51
in.search.yahoo.com,4/5/2021,57
in.search.yahoo.com,4/7/2021,137
in.search.yahoo.com,4/9/2021,150
in.search.yahoo.com,4/13/2021,56
in.search.yahoo.com,4/15/2021,303
in.search.yahoo.com,4/16/2021,89
in.search.yahoo.com,4/28/2021,93
in.search.yahoo.com,4/29/2021,69
in.search.yahoo.com,5/1/2021,92
github.com,2/21/2021,269
github.com,2/25/2021,35
github.com,3/4/2021,147
github.com,3/6/2021,9
github.com,3/12/2021,19
github.com,3/13/2021,376
github.com,3/14/2021,13
github.com,3/18/2021,136
github.com,3/25/2021,28
github.com,3/26/2021,167
github.com,4/1/2021,432
github.com,4/3/2021,1001
github.com,4/5/2021,26
github.com,4/7/2021,550
github.com,4/15/2021,173
github.com,4/21/2021,334
github.com,4/22/2021,256
github.com,4/23/2021,297
github.com,4/28/2021,342
github.com,5/1/2021,638
github.com,5/2/2021,143
github.com,5/3/2021,18
github.com,5/4/2021,219
github.com,5/5/2021,199
github.com,5/6/2021,114
www.airmeet.com,3/6/2021,3224
www.hackerrank.com,3/6/2021,2881
www.digialm.com,2/27/2021,2111
www.rayvila.com,3/24/2021,94
www.rayvila.com,4/8/2021,115
www.rayvila.com,4/9/2021,684
www.rayvila.com,4/12/2021,243
www.rayvila.com,4/13/2021,462
www.rayvila.com,4/15/2021,87
www.rayvila.com,4/16/2021,230
www.columbia.edu,2/26/2021,1707
letstart.postman.co,3/6/2021,1431
web.whatsapp.com,4/9/2021,245
web.whatsapp.com,4/13/2021,204
web.whatsapp.com,4/15/2021,92
web.whatsapp.com,4/19/2021,720
abhijitgayen.github.io,2/21/2021,114
abhijitgayen.github.io,2/22/2021,29
abhijitgayen.github.io,3/7/2021,236
abhijitgayen.github.io,3/14/2021,309
abhijitgayen.github.io,3/19/2021,453
abhijitgayen.github.io,4/5/2021,88
abhijitgayen.github.io,4/17/2021,16
abhijitgayen.github.io,4/22/2021,677
abhijitgayen.github.io,5/1/2021,473
abhijitgayen.github.io,5/3/2021,71
abhijitgayen.github.io,5/4/2021,508
abhijitgayen.github.io,5/5/2021,375
abhijitgayen.github.io,5/8/2021,28
arxiv.org,3/12/2021,460
arxiv.org,3/15/2021,756
www.iitk.ac.in,2/26/2021,1176
www.google.com,2/21/2021,306
www.google.com,2/22/2021,7
www.google.com,3/6/2021,12
www.google.com,4/3/2021,4
www.google.com,4/15/2021,67
www.google.com,4/16/2021,92
www.google.com,4/17/2021,586
www.google.com,4/19/2021,6
www.google.com,4/21/2021,41
www.google.com,4/22/2021,426
www.google.com,4/23/2021,6
www.google.com,4/24/2021,25
www.google.com,5/1/2021,27
www.google.com,5/2/2021,105
www.google.com,5/3/2021,71
www.google.com,5/4/2021,16
www.google.com,5/5/2021,327
www.google.com,5/6/2021,70
www.google.com,5/7/2021,16
www.google.com,5/8/2021,23
www.studocu.com,3/18/2021,1120
svmcm.wbhed.gov.in,2/27/2021,1069
meet.google.com,4/3/2021,1040
www.geeksforgeeks.org,2/25/2021,123
www.geeksforgeeks.org,3/4/2021,2
www.geeksforgeeks.org,3/5/2021,273
www.geeksforgeeks.org,3/18/2021,121
www.geeksforgeeks.org,3/25/2021,129
www.geeksforgeeks.org,4/3/2021,97
www.geeksforgeeks.org,4/9/2021,175
www.geeksforgeeks.org,4/15/2021,52
www.geeksforgeeks.org,5/2/2021,568
www.programiz.com,3/4/2021,100
www.programiz.com,3/25/2021,10
www.programiz.com,4/3/2021,810
www.programiz.com,4/15/2021,35
wynk.in,3/6/2021,680
wynk.in,3/11/2021,221
www.tutorialspoint.com,2/25/2021,19
www.tutorialspoint.com,3/4/2021,30
www.tutorialspoint.com,3/5/2021,31
www.tutorialspoint.com,3/25/2021,70
www.tutorialspoint.com,4/1/2021,79
www.tutorialspoint.com,4/15/2021,487
www.tutorialspoint.com,5/2/2021,31
stackoverflow.com,2/25/2021,52
stackoverflow.com,3/4/2021,427
stackoverflow.com,3/5/2021,185
stackoverflow.com,4/22/2021,18
stackoverflow.com,5/3/2021,23
in.video.search.yahoo.com,3/25/2021,651
www.cs.princeton.edu,3/25/2021,606
physics.unm.edu,2/26/2021,568
engineeringinterviewquestions.com,2/26/2021,549
4dspace.mtts.org.in,4/5/2021,547
www.jalshamoviezhd.download,4/5/2021,343
www.jalshamoviezhd.download,4/16/2021,186
chrome.google.com,3/6/2021,328
chrome.google.com,4/16/2021,180
chrome.google.com,4/17/2021,3
beginnersbook.com,3/25/2021,464
apniphysics.com,2/26/2021,426
www.daniweb.com,3/4/2021,398
www.pocketfm.in,3/19/2021,361
www.cprogramming.com,3/4/2021,303
www.cprogramming.com,3/11/2021,16
wbkanyashree.gov.in,2/27/2021,261
www.cs.oberlin.edu,4/7/2021,256
melvinacunaalgorithms.blogspot.com,3/18/2021,255
walkccc.me,3/18/2021,245
www.postman.com,3/6/2021,242
circuitglobe.com,2/24/2021,239
www.electrical4u.com,2/26/2021,220
192.168.0.1,4/16/2021,205
cathyatseneca.gitbooks.io,3/4/2021,171
cathyatseneca.gitbooks.io,3/11/2021,8
192.168.182.201,4/16/2021,175
scholarshipapplication.reliancefoundation.org,3/6/2021,6
scholarshipapplication.reliancefoundation.org,4/5/2021,151
scholarshipapplication.reliancefoundation.org,4/22/2021,68
mp4moviez.film,4/16/2021,148
en.wikipedia.org,2/24/2021,139
en.wikipedia.org,4/22/2021,6
en.wikipedia.org,5/2/2021,8
en.wikipedia.org,5/3/2021,3
fileadmin.cs.lth.se,3/18/2021,138
gist.github.com,2/24/2021,65
gist.github.com,3/12/2021,20
gist.github.com,3/25/2021,53
gist.github.com,4/28/2021,269
unsplash.com,4/16/2021,130
unsplash.com,4/17/2021,5
www.softwaretestinghelp.com,3/18/2021,76
www.softwaretestinghelp.com,4/9/2021,55
www.wishnet.co.in,4/16/2021,130
dl.bintray.com,2/25/2021,126
shiv4289.wordpress.com,3/18/2021,126
mail.google.com,2/21/2021,8
mail.google.com,4/5/2021,99
mail.google.com,4/22/2021,157
mail.google.com,4/28/2021,14
mail.google.com,5/4/2021,3
codereview.stackexchange.com,3/18/2021,103
adobe-flash-professional.en.softonic.com,2/21/2021,96
www.includehelp.com,3/4/2021,94
simple.wikipedia.org,4/1/2021,93
www.thecrazyprogrammer.com,4/15/2021,92
journals.aps.org,3/15/2021,91
www.ilovepdf.com,2/27/2021,87
www.cplusplus.com,3/18/2021,82
cds.cern.ch,3/15/2021,76
docs.google.com,4/8/2021,75
www.boost.org,2/25/2021,65
www.speedtest.net,4/16/2021,62
translate.google.com,2/21/2021,27
translate.google.com,2/22/2021,29
translate.google.com,3/2/2021,5
www.microsoft.com,4/9/2021,61
www.microsoft.com,4/22/2021,64
jobsvacancy.in,4/16/2021,60
www.techjockey.com,2/21/2021,59
users.cis.fiu.edu,4/7/2021,59
www.webmd.com,3/6/2021,56
install.mysearchstreams.com,4/16/2021,56
1filmywap.net,4/16/2021,54
pages.cs.wisc.edu,3/4/2021,52
www.cs.fsu.edu,4/1/2021,49
smallpdf.com,2/27/2021,48
www.sublimetext.com,3/14/2021,48
creativecloud.adobe.com,3/19/2021,47
www.reallusion.com,2/21/2021,46
www.crazyengineers.com,2/25/2021,45
leetcode.com,3/4/2021,43
leetcode.com,4/28/2021,6354
www.mcafee.com,3/9/2021,25
www.mcafee.com,3/25/2021,18
mtts.org.in,4/5/2021,43
doodlemaker.com,2/21/2021,38
codeforces.com,2/25/2021,37
appsgate.iitb.ac.in,2/27/2021,37
www.wbkanyashree.gov.in,2/27/2021,36
www.baeldung.com,3/4/2021,36
www.whatsapp.com,4/9/2021,16
www.whatsapp.com,4/13/2021,20
www.quora.com,2/25/2021,35
www.quora.com,4/22/2021,20
www.guru99.com,4/3/2021,35
bridgesuncc.github.io,4/7/2021,35
developer.mozilla.org,2/21/2021,17
developer.mozilla.org,2/22/2021,17
www.techiedelight.com,3/4/2021,15
www.techiedelight.com,3/5/2021,19
www.sciencedirect.com,3/25/2021,34
www.freeconvert.com,2/27/2021,33
youtube.com,3/2/2021,29
www.cnbc.com,4/1/2021,29
welcome.adblockplus.org,3/6/2021,28
py.mit.edu,4/7/2021,28
topitsoftware.com,2/21/2021,27
i.stack.imgur.com,3/4/2021,27
www.python.org,4/21/2021,27
www.python.org,4/30/2021,89
web.eecs.umich.edu,3/18/2021,26
www.rayvilla.com,4/9/2021,26
www.w3schools.com,2/21/2021,25
www.w3schools.com,4/22/2021,527
www.w3schools.com,5/1/2021,151
www.w3schools.com,5/3/2021,92
www.w3schools.com,5/5/2021,71
users.cs.fiu.edu,4/7/2021,25
crazytalk.reallusion.com,2/21/2021,24
algorithmtutor.com,3/11/2021,24
blogtobollywood.com,4/16/2021,24
getadblock.com,3/6/2021,23
bpm.jio.com,3/6/2021,16
bpm.jio.com,4/5/2021,7
bpm.jio.com,4/22/2021,17
get.4kmoviesearch.com,4/16/2021,23
www.jvzoo.com,2/21/2021,22
medium.com,4/17/2021,22
www.merriam-webster.com,3/6/2021,21
www.adobe.com,3/19/2021,21
www.essencestudios.net,2/21/2021,20
www.stopallads.com,3/6/2021,20
mp4moviez.ch,4/16/2021,20
blogs.systweak.com,2/21/2021,19
www.izito.co.in,3/19/2021,19
www.izito.co.in,5/1/2021,15
en.cppreference.com,4/7/2021,19
mysearchstreams.com,4/16/2021,18
500px.com,4/16/2021,18
www.videoscribe.co,2/21/2021,17
adblockplus.org,3/6/2021,17
search.arxiv.org,3/12/2021,16
www.google.co.in,2/21/2021,14
productshopper.in,3/19/2021,14
adobeid-na1.services.adobe.com,3/19/2021,14
jalshamoviezhd.baby,4/5/2021,13
romantic-circles.org,4/21/2021,13
support.google.com,3/6/2021,12
support.google.com,5/1/2021,1
support.google.com,5/2/2021,24
www.facebook.com,2/21/2021,6
www.facebook.com,3/24/2021,5
www.facebook.com,4/5/2021,1
www.facebook.com,4/22/2021,8
jalshamoviezhd.in,4/5/2021,12
whatsapp.airflysoftware.com,4/13/2021,12
support.microsoft.com,3/16/2021,8
support.microsoft.com,4/20/2021,4
support.microsoft.com,5/2/2021,7
www.codeproject.com,2/25/2021,10
www.testgorilla.com,3/6/2021,10
jalshamoviezhd.one,4/5/2021,10
cs.oberlin.edu,4/7/2021,9
jalshmovies.one,4/16/2021,9
jmatthewturner.wordpress.com,2/25/2021,8
sourceforge.net,2/25/2021,8
cad-block.com,3/4/2021,8
news.google.com,3/4/2021,4
news.google.com,3/13/2021,4
identity.getpostman.com,3/6/2021,8
2.2.2.2,4/16/2021,8
learning.postman.com,3/6/2021,7
rexoxer.in,4/5/2021,7
m.facebook.com,4/7/2021,7
loadsfalladz.casa,4/16/2021,7
sadesriffsmap.com,4/16/2021,7
accounts.google.com,3/6/2021,6
accounts.google.com,4/28/2021,15
developers.google.com,3/13/2021,6
developers.google.com,5/5/2021,25
www.search.alot.com,4/9/2021,6
install.magicmoviesearch.com,4/16/2021,6
www.webexam.in,2/27/2021,5
in.seekweb.com,3/14/2021,5
www.princeton.edu,3/25/2021,5
searchengineland.com,4/1/2021,5
s.arclk.net,2/25/2021,3
www.instagram.com,3/7/2021,3
blooth,2/21/2021,2
downdetector.in,4/16/2021,2
iyfnzgb.com,2/25/2021,1
www.slideshare.net,3/4/2021,1
techjobsfair.com,4/22/2021,46
tutorbin.com,4/22/2021,34
tutorbin.comaiitg,4/22/2021,4
www.iitg.ac.in,4/22/2021,14
www.freelancer.com,4/22/2021,55
pages.github.com,4/22/2021,51
teams.microsoft.com,4/22/2021,188
login.microsoftonline.com,4/22/2021,1
twitter.com,4/22/2021,148
in.linkedin.com,4/22/2021,77
in.linkedin.com,5/5/2021,3
in.bookmyshow.com,4/22/2021,15
ic3institute.org,4/22/2021,120
studio.youtube.com,4/22/2021,99
vscode-auth.github.com,4/23/2021,17
www.javatpoint.com,4/23/2021,15
xhamster8.desi,4/24/2021,2224
xhamsterlive.com,4/24/2021,1111
www.xv-horezeedipaif.com,4/24/2021,1977
www.physicsbyfiziks.com,4/26/2021,24
www.edureka.co,4/29/2021,63
www.codewithharry.com,4/29/2021,38
www.kite.com,5/1/2021,54
health.info.com,5/1/2021,7
www.instamojo.com,5/1/2021,13
uk.life123.com,5/1/2021,25
www.reduceimages.com,5/1/2021,156
uk.directhit.com,5/1/2021,4
www.img2go.com,5/1/2021,56
www.coursera.org,5/1/2021,3136
www.freebookcentre.net,5/1/2021,13
mathworld.wolfram.com,5/2/2021,69
systweakvpn.com,5/2/2021,13
www.tutorialgateway.org,5/2/2021,84
www.tutorialgateway.org,5/3/2021,1
fontawesome.com,5/3/2021,246
css-tricks.com,5/4/2021,73
www.linkedin.com,5/5/2021,297
webcache.googleusercontent.com,5/5/2021,49
search.google.com,5/5/2021,439
www.etis.ee,5/5/2021,73
gradecollege.github.io,5/5/2021,10
iuri.is,5/5/2021,21
driesvanbroeck.be,5/5/2021,32
www.behance.net,5/5/2021,2
www.apachefriends.org,5/6/2021,207
bitnami.com,5/6/2021,28
localhost,5/6/2021,3991
localhost,5/7/2021,4831
localhost,5/8/2021,3513
xamp,5/6/2021,18
www.tutorialrepublic.com,5/6/2021,601
www.tutorialrepublic.com,5/7/2021,509
www.tutorialrepublic.com,5/8/2021,2045
www.wampserver.com,5/6/2021,35
w3c.github.io,5/6/2021,6
www.php.net,5/7/2021,709
app.infinityfree.net,5/7/2021,371
filemanager.ai,5/7/2021,560
cpanel.epizy.com,5/7/2021,183
185.27.134.10,5/7/2021,22
forum.infinityfree.net,5/7/2021,6
zeroencode.42web.io,5/7/2021,40
www.abhijitgayen.github.io,5/8/2021,15
gaana.com,5/8/2021,221
